"Bldg. #","Building Name","Room #","Area","Room Use","Organization Name"
"Total Area","103783.352"
"Total Rooms","552"
"800","4-H HEADQUARTERS","1202","129.88","030I MENS RESTRM","GENU-STATE APPROPRIATIONS"
"429","A. JAMES CLARK HALL","1228","252.23","030I MENS RESTRM","GENU-STATE APPROPRIATIONS"
"429","A. JAMES CLARK HALL","2218","242.33","030I MENS RESTRM","GENU-STATE APPROPRIATIONS"
"429","A. JAMES CLARK HALL","3105","186.18","030I MENS RESTRM","GENU-STATE APPROPRIATIONS"
"429","A. JAMES CLARK HALL","4105","186.18","030I MENS RESTRM","GENU-STATE APPROPRIATIONS"
"429","A. JAMES CLARK HALL","5105","186.18","030I MENS RESTRM","GENU-STATE APPROPRIATIONS"
"429","A. JAMES CLARK HALL","6103","35.68","030I MENS RESTRM","GENU-STATE APPROPRIATIONS"
"429","A. JAMES CLARK HALL","6103A","116.43","030I MENS RESTRM","GENU-STATE APPROPRIATIONS"
"429","A. JAMES CLARK HALL","6103B","41.44","030I MENS RESTRM","GENU-STATE APPROPRIATIONS"
"429","A. JAMES CLARK HALL","6103C","123.24","030I MENS RESTRM","GENU-STATE APPROPRIATIONS"
"115","A.V. WILLIAMS BUILDING","1104","148.23","030I MENS RESTRM","GENU-STATE APPROPRIATIONS"
"115","A.V. WILLIAMS BUILDING","1240","152.62","030I MENS RESTRM","GENU-STATE APPROPRIATIONS"
"115","A.V. WILLIAMS BUILDING","1304","152.93","030I MENS RESTRM","GENU-STATE APPROPRIATIONS"
"115","A.V. WILLIAMS BUILDING","1402","152.99","030I MENS RESTRM","GENU-STATE APPROPRIATIONS"
"115","A.V. WILLIAMS BUILDING","2108","148.23","030I MENS RESTRM","GENU-STATE APPROPRIATIONS"
"115","A.V. WILLIAMS BUILDING","2242","152.62","030I MENS RESTRM","GENU-STATE APPROPRIATIONS"
"115","A.V. WILLIAMS BUILDING","2304","160.04","030I MENS RESTRM","GENU-STATE APPROPRIATIONS"
"115","A.V. WILLIAMS BUILDING","2420","156.12","030I MENS RESTRM","GENU-STATE APPROPRIATIONS"
"115","A.V. WILLIAMS BUILDING","3110","148.2","030I MENS RESTRM","GENU-STATE APPROPRIATIONS"
"115","A.V. WILLIAMS BUILDING","3244","152.62","030I MENS RESTRM","GENU-STATE APPROPRIATIONS"
"115","A.V. WILLIAMS BUILDING","3304","151.71","030I MENS RESTRM","GENU-STATE APPROPRIATIONS"
"115","A.V. WILLIAMS BUILDING","3430","162","030I MENS RESTRM","GENU-STATE APPROPRIATIONS"
"115","A.V. WILLIAMS BUILDING","4104","148.23","030I MENS RESTRM","GENU-STATE APPROPRIATIONS"
"115","A.V. WILLIAMS BUILDING","4428","147.41","030I MENS RESTRM","GENU-STATE APPROPRIATIONS"
"142","ANIMAL SCIENCES/AGRIC. ENGRG B","0528","149.63","030I MENS RESTRM","GENU-STATE APPROPRIATIONS"
"142","ANIMAL SCIENCES/AGRIC. ENGRG B","0531","172.95","030I MENS RESTRM","GENU-STATE APPROPRIATIONS"
"142","ANIMAL SCIENCES/AGRIC. ENGRG B","1143","202.08","030I MENS RESTRM","GENU-STATE APPROPRIATIONS"
"142","ANIMAL SCIENCES/AGRIC. ENGRG B","2143","197.33","030I MENS RESTRM","GENU-STATE APPROPRIATIONS"
"142","ANIMAL SCIENCES/AGRIC. ENGRG B","4143","197.33","030I MENS RESTRM","GENU-STATE APPROPRIATIONS"
"142","ANIMAL SCIENCES/AGRIC. ENGRG B","4143A","61.22","030I MENS RESTRM","GENU-STATE APPROPRIATIONS"
"142","ANIMAL SCIENCES/AGRIC. ENGRG B","4143B","16.19","030I MENS RESTRM","GENU-STATE APPROPRIATIONS"
"008","ANNAPOLIS HALL","1103","208.21","030I MENS RESTRM","GENU-BUDGET-AUXILIARY ENTERPRI"
"060","ANNE ARUNDEL HALL","0110","135.16","030I MENS RESTRM","GENU-BUDGET-AUXILIARY ENTERPRI"
"145","ARCHITECTURE BUILDING","0103","155.15","030I MENS RESTRM","GENU-STATE APPROPRIATIONS"
"145","ARCHITECTURE BUILDING","0200","108.88","030I MENS RESTRM","GENU-STATE APPROPRIATIONS"
"145","ARCHITECTURE BUILDING","1113","106.52","030I MENS RESTRM","GENU-STATE APPROPRIATIONS"
"145","ARCHITECTURE BUILDING","1202","158.94","030I MENS RESTRM","GENU-STATE APPROPRIATIONS"
"749","ART HOUGHTON JR. OFFICE LAB","1145","193.57","030I MENS RESTRM","GENU-STATE APPROPRIATIONS"
"749","ART HOUGHTON JR. OFFICE LAB","1145A","60.36","030I MENS RESTRM","GENU-STATE APPROPRIATIONS"
"813","ARTEMESIA BUILDING","1141","125.62","030I MENS RESTRM","GENU-STATE APPROPRIATIONS"
"813","ARTEMESIA BUILDING","2254","23.22","030I MENS RESTRM","GENU-STATE APPROPRIATIONS"
"813","ARTEMESIA BUILDING","2254A","103.66","030I MENS RESTRM","GENU-STATE APPROPRIATIONS"
"813","ARTEMESIA BUILDING","3354","23.22","030I MENS RESTRM","GENU-STATE APPROPRIATIONS"
"813","ARTEMESIA BUILDING","3354A","103.66","030I MENS RESTRM","GENU-STATE APPROPRIATIONS"
"219","ASTRONOMY LECTURE BUILDING","1100C","61.67","030I MENS RESTRM","GENU-STATE APPROPRIATIONS"
"224","ATLANTIC BUILDING","0221","96.9","030I MENS RESTRM","GENU-STATE APPROPRIATIONS"
"224","ATLANTIC BUILDING","0303","92.51","030I MENS RESTRM","GENU-STATE APPROPRIATIONS"
"224","ATLANTIC BUILDING","1221","96.9","030I MENS RESTRM","GENU-STATE APPROPRIATIONS"
"224","ATLANTIC BUILDING","1325","131.19","030I MENS RESTRM","GENU-STATE APPROPRIATIONS"
"224","ATLANTIC BUILDING","1438","171.47","030I MENS RESTRM","GENU-STATE APPROPRIATIONS"
"224","ATLANTIC BUILDING","2221","115.82","030I MENS RESTRM","GENU-STATE APPROPRIATIONS"
"224","ATLANTIC BUILDING","2325","131.19","030I MENS RESTRM","GENU-STATE APPROPRIATIONS"
"224","ATLANTIC BUILDING","2442","177.22","030I MENS RESTRM","GENU-STATE APPROPRIATIONS"
"224","ATLANTIC BUILDING","3221","96.9","030I MENS RESTRM","GENU-STATE APPROPRIATIONS"
"224","ATLANTIC BUILDING","3325","131.19","030I MENS RESTRM","GENU-STATE APPROPRIATIONS"
"224","ATLANTIC BUILDING","3442","177.22","030I MENS RESTRM","GENU-STATE APPROPRIATIONS"
"224","ATLANTIC BUILDING","4221","96.9","030I MENS RESTRM","GENU-STATE APPROPRIATIONS"
"224","ATLANTIC BUILDING","4325","131.19","030I MENS RESTRM","GENU-STATE APPROPRIATIONS"
"224","ATLANTIC BUILDING","4452","177.22","030I MENS RESTRM","GENU-STATE APPROPRIATIONS"
"795","AVRUM GUDELSKY VETERINARY CENT","1135","40","030I MENS RESTRM","GENU-STATE APPROPRIATIONS"
"795","AVRUM GUDELSKY VETERINARY CENT","1135A","196.58","030I MENS RESTRM","GENU-STATE APPROPRIATIONS"
"795","AVRUM GUDELSKY VETERINARY CENT","1135B","35.06","030I MENS RESTRM","GENU-STATE APPROPRIATIONS"
"795","AVRUM GUDELSKY VETERINARY CENT","1135C","99.94","030I MENS RESTRM","GENU-STATE APPROPRIATIONS"
"795","AVRUM GUDELSKY VETERINARY CENT","1212","152.72","030I MENS RESTRM","GENU-STATE APPROPRIATIONS"
"795","AVRUM GUDELSKY VETERINARY CENT","1431","154.75","030I MENS RESTRM","GENU-STATE APPROPRIATIONS"
"795","AVRUM GUDELSKY VETERINARY CENT","1431A","77.31","030I MENS RESTRM","GENU-STATE APPROPRIATIONS"
"143","BENJAMIN BUILDING","0310","161.96","030I MENS RESTRM","GENU-STATE APPROPRIATIONS"
"143","BENJAMIN BUILDING","1118","162.19","030I MENS RESTRM","GENU-STATE APPROPRIATIONS"
"143","BENJAMIN BUILDING","2310","162.79","030I MENS RESTRM","GENU-STATE APPROPRIATIONS"
"143","BENJAMIN BUILDING","3118","163.1","030I MENS RESTRM","GENU-STATE APPROPRIATIONS"
"144","BIOLOGY-PSYCHOLOGY BUILDING","0117","169.46","030I MENS RESTRM","GENU-STATE APPROPRIATIONS"
"144","BIOLOGY-PSYCHOLOGY BUILDING","1117","169.46","030I MENS RESTRM","GENU-STATE APPROPRIATIONS"
"144","BIOLOGY-PSYCHOLOGY BUILDING","1241","107.19","030I MENS RESTRM","GENU-STATE APPROPRIATIONS"
"144","BIOLOGY-PSYCHOLOGY BUILDING","2117","169.46","030I MENS RESTRM","GENU-STATE APPROPRIATIONS"
"144","BIOLOGY-PSYCHOLOGY BUILDING","2241","107.19","030I MENS RESTRM","GENU-STATE APPROPRIATIONS"
"144","BIOLOGY-PSYCHOLOGY BUILDING","3117","169.46","030I MENS RESTRM","GENU-STATE APPROPRIATIONS"
"144","BIOLOGY-PSYCHOLOGY BUILDING","3241","107.19","030I MENS RESTRM","GENU-STATE APPROPRIATIONS"
"144","BIOLOGY-PSYCHOLOGY BUILDING","4117","169.46","030I MENS RESTRM","GENU-STATE APPROPRIATIONS"
"144","BIOLOGY-PSYCHOLOGY BUILDING","4241","107.19","030I MENS RESTRM","GENU-STATE APPROPRIATIONS"
"144","BIOLOGY-PSYCHOLOGY BUILDING","B0123","74.39","030I MENS RESTRM","GENU-STATE APPROPRIATIONS"
"296","BIOMOLECULAR SCIENCES BUILDING","1108","177.72","030I MENS RESTRM","GENU-STATE APPROPRIATIONS"
"296","BIOMOLECULAR SCIENCES BUILDING","2108","177.72","030I MENS RESTRM","GENU-STATE APPROPRIATIONS"
"296","BIOMOLECULAR SCIENCES BUILDING","3108","177.72","030I MENS RESTRM","GENU-STATE APPROPRIATIONS"
"413","BIOSCIENCE RESEARCH BUILDING","0108","259.42","030I MENS RESTRM","GENU-STATE APPROPRIATIONS"
"413","BIOSCIENCE RESEARCH BUILDING","0204","158.29","030I MENS RESTRM","GENU-STATE APPROPRIATIONS"
"413","BIOSCIENCE RESEARCH BUILDING","1204","153.27","030I MENS RESTRM","GENU-STATE APPROPRIATIONS"
"413","BIOSCIENCE RESEARCH BUILDING","2204","158.52","030I MENS RESTRM","GENU-STATE APPROPRIATIONS"
"413","BIOSCIENCE RESEARCH BUILDING","3204","158.46","030I MENS RESTRM","GENU-STATE APPROPRIATIONS"
"159","BOB ""TURTLE"" SMITH STADIUM AT","1103","120.32","030I MENS RESTRM","GENU-BUDGET-AUXILIARY ENTERPRI"
"432","BRENDAN IRIBE CENTER","0119","424.64","030I MENS RESTRM","GENU-STATE APPROPRIATIONS"
"432","BRENDAN IRIBE CENTER","1219","261.09","030I MENS RESTRM","GENU-STATE APPROPRIATIONS"
"432","BRENDAN IRIBE CENTER","2219","261.09","030I MENS RESTRM","GENU-STATE APPROPRIATIONS"
"432","BRENDAN IRIBE CENTER","3219","261.09","030I MENS RESTRM","GENU-STATE APPROPRIATIONS"
"432","BRENDAN IRIBE CENTER","4219","261.09","030I MENS RESTRM","GENU-STATE APPROPRIATIONS"
"432","BRENDAN IRIBE CENTER","5219","261.09","030I MENS RESTRM","GENU-STATE APPROPRIATIONS"
"089","C. DANIEL MOTE, JR. ENGINEERIN","1158","159.52","030I MENS RESTRM","GENU-STATE APPROPRIATIONS"
"089","C. DANIEL MOTE, JR. ENGINEERIN","1182","141.27","030I MENS RESTRM","GENU-STATE APPROPRIATIONS"
"097","CAMBRIDGE COMMUNITY CENTER","1106","205.5","030I MENS RESTRM","GENU-BUDGET-AUXILIARY ENTERPRI"
"097","CAMBRIDGE COMMUNITY CENTER","1211","122.98","030I MENS RESTRM","GENU-BUDGET-AUXILIARY ENTERPRI"
"070","CAROLINE HALL","0103","37.43","030I MENS RESTRM","GENU-BUDGET-AUXILIARY ENTERPRI"
"070","CAROLINE HALL","0122","158.29","030I MENS RESTRM","GENU-BUDGET-AUXILIARY ENTERPRI"
"667","CENTRAL MD OFFICE","1106","110.11","030I MENS RESTRM","GENU-STATE APPROPRIATIONS"
"098","CENTREVILLE HALL","0200E","96","030I MENS RESTRM","GENU-BUDGET-AUXILIARY ENTERPRI"
"090","CHEMICAL & NUCLEAR ENGINEERING","1122","185.02","030I MENS RESTRM","GENU-STATE APPROPRIATIONS"
"090","CHEMICAL & NUCLEAR ENGINEERING","1122A","70.35","030I MENS RESTRM","GENU-STATE APPROPRIATIONS"
"090","CHEMICAL & NUCLEAR ENGINEERING","1200","141.58","030I MENS RESTRM","GENU-STATE APPROPRIATIONS"
"090","CHEMICAL & NUCLEAR ENGINEERING","2128","159.31","030I MENS RESTRM","GENU-STATE APPROPRIATIONS"
"090","CHEMICAL & NUCLEAR ENGINEERING","2131","95.15","030I MENS RESTRM","GENU-STATE APPROPRIATIONS"
"090","CHEMICAL & NUCLEAR ENGINEERING","2131A","29.25","030I MENS RESTRM","GENU-STATE APPROPRIATIONS"
"091","CHEMISTRY BUILDING","0406","163.26","030I MENS RESTRM","GENU-STATE APPROPRIATIONS"
"091","CHEMISTRY BUILDING","0509","140.03","030I MENS RESTRM","GENU-STATE APPROPRIATIONS"
"091","CHEMISTRY BUILDING","1202","302.03","030I MENS RESTRM","GENU-STATE APPROPRIATIONS"
"091","CHEMISTRY BUILDING","1352","211.38","030I MENS RESTRM","GENU-STATE APPROPRIATIONS"
"091","CHEMISTRY BUILDING","1405","49.08","030I MENS RESTRM","GENU-STATE APPROPRIATIONS"
"091","CHEMISTRY BUILDING","1509","140.58","030I MENS RESTRM","GENU-STATE APPROPRIATIONS"
"091","CHEMISTRY BUILDING","2234","267.47","030I MENS RESTRM","GENU-STATE APPROPRIATIONS"
"091","CHEMISTRY BUILDING","2369","260.79","030I MENS RESTRM","GENU-STATE APPROPRIATIONS"
"091","CHEMISTRY BUILDING","3202","272.63","030I MENS RESTRM","GENU-STATE APPROPRIATIONS"
"091","CHEMISTRY BUILDING","3375","253.24","030I MENS RESTRM","GENU-STATE APPROPRIATIONS"
"091","CHEMISTRY BUILDING","3509","140.58","030I MENS RESTRM","GENU-STATE APPROPRIATIONS"
"338","CHESAPEAKE BUILDING","1111","38.3","030I MENS RESTRM","GENU-STATE APPROPRIATIONS"
"338","CHESAPEAKE BUILDING","1111A","200.55","030I MENS RESTRM","GENU-STATE APPROPRIATIONS"
"338","CHESAPEAKE BUILDING","2111","38.3","030I MENS RESTRM","GENU-STATE APPROPRIATIONS"
"338","CHESAPEAKE BUILDING","2111A","200.55","030I MENS RESTRM","GENU-STATE APPROPRIATIONS"
"338","CHESAPEAKE BUILDING","3111","38.3","030I MENS RESTRM","GENU-STATE APPROPRIATIONS"
"338","CHESAPEAKE BUILDING","3111A","200.55","030I MENS RESTRM","GENU-STATE APPROPRIATIONS"
"338","CHESAPEAKE BUILDING","4111","38.3","030I MENS RESTRM","GENU-STATE APPROPRIATIONS"
"338","CHESAPEAKE BUILDING","4111A","200.55","030I MENS RESTRM","GENU-STATE APPROPRIATIONS"
"059","CHINCOTEAGUE HALL","1108","160.85","030I MENS RESTRM","GENU-STATE APPROPRIATIONS"
"059","CHINCOTEAGUE HALL","3112","141.96","030I MENS RESTRM","GENU-STATE APPROPRIATIONS"
"052","CLARENCE M. MITCHELL, JR. BUIL","0121","145.93","030I MENS RESTRM","GENU-STATE APPROPRIATIONS"
"052","CLARENCE M. MITCHELL, JR. BUIL","1121","143.47","030I MENS RESTRM","GENU-STATE APPROPRIATIONS"
"052","CLARENCE M. MITCHELL, JR. BUIL","2121","143.47","030I MENS RESTRM","GENU-STATE APPROPRIATIONS"
"386","CLARICE SMITH PERFORMING ARTS","1216","213.27","030I MENS RESTRM","GENU-STATE APPROPRIATIONS"
"386","CLARICE SMITH PERFORMING ARTS","1464","339.42","030I MENS RESTRM","GENU-STATE APPROPRIATIONS"
"386","CLARICE SMITH PERFORMING ARTS","1608","256.34","030I MENS RESTRM","GENU-STATE APPROPRIATIONS"
"386","CLARICE SMITH PERFORMING ARTS","1709","248.66","030I MENS RESTRM","GENU-STATE APPROPRIATIONS"
"386","CLARICE SMITH PERFORMING ARTS","1904A","76.43","030I MENS RESTRM","GENU-STATE APPROPRIATIONS"
"386","CLARICE SMITH PERFORMING ARTS","1904B","87.2","030I MENS RESTRM","GENU-STATE APPROPRIATIONS"
"386","CLARICE SMITH PERFORMING ARTS","2169","186.83","030I MENS RESTRM","GENU-STATE APPROPRIATIONS"
"386","CLARICE SMITH PERFORMING ARTS","2302","144.06","030I MENS RESTRM","GENU-STATE APPROPRIATIONS"
"386","CLARICE SMITH PERFORMING ARTS","2724","199.66","030I MENS RESTRM","GENU-STATE APPROPRIATIONS"
"386","CLARICE SMITH PERFORMING ARTS","3102","116.88","030I MENS RESTRM","GENU-STATE APPROPRIATIONS"
"386","CLARICE SMITH PERFORMING ARTS","3733","244.37","030I MENS RESTRM","GENU-STATE APPROPRIATIONS"
"660","CLARKSVILLE OFFICE","1102","84.06","030I MENS RESTRM","GENU-STATE APPROPRIATIONS"
"162","COLE STUDENT ACTIVITIES BUILDI","0209","197.54","030I MENS RESTRM","GENU-STATE APPROPRIATIONS"
"162","COLE STUDENT ACTIVITIES BUILDI","0427","186.83","030I MENS RESTRM","GENU-STATE APPROPRIATIONS"
"162","COLE STUDENT ACTIVITIES BUILDI","1139","220.5","030I MENS RESTRM","GENU-STATE APPROPRIATIONS"
"162","COLE STUDENT ACTIVITIES BUILDI","1141","630","030I MENS RESTRM","GENU-STATE APPROPRIATIONS"
"162","COLE STUDENT ACTIVITIES BUILDI","1412","205.7","030I MENS RESTRM","GENU-STATE APPROPRIATIONS"
"162","COLE STUDENT ACTIVITIES BUILDI","2414","240.48","030I MENS RESTRM","GENU-STATE APPROPRIATIONS"
"162","COLE STUDENT ACTIVITIES BUILDI","3101","246.01","030I MENS RESTRM","GENU-STATE APPROPRIATIONS"
"802","COLLEGE PARK FIRE STATION","1121","95.64","030I MENS RESTRM","GENU-STATE APPROPRIATIONS"
"406","COMPUTER SCIENCE INSTRUCTIONAL","1105","161.51","030I MENS RESTRM","GENU-STATE APPROPRIATIONS"
"406","COMPUTER SCIENCE INSTRUCTIONAL","2105","161.51","030I MENS RESTRM","GENU-STATE APPROPRIATIONS"
"406","COMPUTER SCIENCE INSTRUCTIONAL","3105","161.51","030I MENS RESTRM","GENU-STATE APPROPRIATIONS"
"406","COMPUTER SCIENCE INSTRUCTIONAL","4105","161.51","030I MENS RESTRM","GENU-STATE APPROPRIATIONS"
"122","CUMBERLAND HALL","1116","101","030I MENS RESTRM","GENU-BUDGET-AUXILIARY ENTERPRI"
"122","CUMBERLAND HALL","1116A","151","030I MENS RESTRM","GENU-BUDGET-AUXILIARY ENTERPRI"
"251","DENTON AREA DINING HALL","1109","270.39","030I MENS RESTRM","GENU-BUDGET-AUXILIARY ENTERPRI"
"251","DENTON AREA DINING HALL","1136","347.69","030I MENS RESTRM","GENU-BUDGET-AUXILIARY ENTERPRI"
"251","DENTON AREA DINING HALL","1136A","37.84","030I MENS RESTRM","GENU-BUDGET-AUXILIARY ENTERPRI"
"226","EDWARD ST. JOHN LEARNING AND T","0114","203.79","030I MENS RESTRM","GENU-STATE APPROPRIATIONS"
"226","EDWARD ST. JOHN LEARNING AND T","0217","232.37","030I MENS RESTRM","GENU-STATE APPROPRIATIONS"
"226","EDWARD ST. JOHN LEARNING AND T","0319","200.33","030I MENS RESTRM","GENU-STATE APPROPRIATIONS"
"226","EDWARD ST. JOHN LEARNING AND T","1112","186.75","030I MENS RESTRM","GENU-STATE APPROPRIATIONS"
"226","EDWARD ST. JOHN LEARNING AND T","1219","393.68","030I MENS RESTRM","GENU-STATE APPROPRIATIONS"
"226","EDWARD ST. JOHN LEARNING AND T","1307","269.58","030I MENS RESTRM","GENU-STATE APPROPRIATIONS"
"226","EDWARD ST. JOHN LEARNING AND T","2203","270.09","030I MENS RESTRM","GENU-STATE APPROPRIATIONS"
"226","EDWARD ST. JOHN LEARNING AND T","2305","267.97","030I MENS RESTRM","GENU-STATE APPROPRIATIONS"
"254","ELKTON HALL","0100A","82","030I MENS RESTRM","GENU-BUDGET-AUXILIARY ENTERPRI"
"257","ELLICOTT AREA DINING HALL","1104","233.74","030I MENS RESTRM","GENU-BUDGET-AUXILIARY ENTERPRI"
"257","ELLICOTT AREA DINING HALL","1136","212.22","030I MENS RESTRM","GENU-BUDGET-AUXILIARY ENTERPRI"
"256","ELLICOTT HALL","0109","46","030I MENS RESTRM","GENU-BUDGET-AUXILIARY ENTERPRI"
"223","ENERGY RESEARCH FACILITY","0108","44.33","030I MENS RESTRM","GENU-STATE APPROPRIATIONS"
"223","ENERGY RESEARCH FACILITY","0125","37.92","030I MENS RESTRM","GENU-STATE APPROPRIATIONS"
"223","ENERGY RESEARCH FACILITY","0217","117.97","030I MENS RESTRM","GENU-STATE APPROPRIATIONS"
"223","ENERGY RESEARCH FACILITY","1217","158.63","030I MENS RESTRM","GENU-STATE APPROPRIATIONS"
"093","ENGINEERING ANNEX","0104","112.5","030I MENS RESTRM","GENU-STATE APPROPRIATIONS"
"093","ENGINEERING ANNEX","0201E","47.77","030I MENS RESTRM","GENU-STATE APPROPRIATIONS"
"093","ENGINEERING ANNEX","0306","63.27","030I MENS RESTRM","GENU-STATE APPROPRIATIONS"
"414","FIELD HOCKEY AND LACROSSE COMP","1106","280.32","030I MENS RESTRM","GENU-BUDGET-AUXILIARY ENTERPRI"
"048","FRANCIS SCOTT KEY HALL","0112","177.39","030I MENS RESTRM","GENU-STATE APPROPRIATIONS"
"048","FRANCIS SCOTT KEY HALL","1108","193.33","030I MENS RESTRM","GENU-STATE APPROPRIATIONS"
"048","FRANCIS SCOTT KEY HALL","2112","190.74","030I MENS RESTRM","GENU-STATE APPROPRIATIONS"
"048","FRANCIS SCOTT KEY HALL","3108","201.49","030I MENS RESTRM","GENU-STATE APPROPRIATIONS"
"237","GEOLOGY BUILDING","1101","170.6","030I MENS RESTRM","GENU-STATE APPROPRIATIONS"
"237","GEOLOGY BUILDING","3101","170.26","030I MENS RESTRM","GENU-STATE APPROPRIATIONS"
"237","GEOLOGY BUILDING","3101A","44.48","030I MENS RESTRM","GENU-STATE APPROPRIATIONS"
"166","GOLF COURSE CLUB HOUSE","0107A","245.32","030I MENS RESTRM","GENU-BUDGET-AUXILIARY ENTERPRI"
"166","GOLF COURSE CLUB HOUSE","0120C","179.91","030I MENS RESTRM","GENU-BUDGET-AUXILIARY ENTERPRI"
"166","GOLF COURSE CLUB HOUSE","1101","163.85","030I MENS RESTRM","GENU-BUDGET-AUXILIARY ENTERPRI"
"318","GOLF COURSE TOILET FACILITY","1103","22.22","030I MENS RESTRM","GENU-BUDGET-AUXILIARY ENTERPRI"
"379","GOSSETT FOOTBALL TEAM HOUSE","1105","69","030I MENS RESTRM","GENU-BUDGET-AUXILIARY ENTERPRI"
"379","GOSSETT FOOTBALL TEAM HOUSE","1191B","159.22","030I MENS RESTRM","GENU-BUDGET-AUXILIARY ENTERPRI"
"073","H.J. PATTERSON HALL","0220","83.53","030I MENS RESTRM","GENU-STATE APPROPRIATIONS"
"073","H.J. PATTERSON HALL","1111","55.14","030I MENS RESTRM","GENU-STATE APPROPRIATIONS"
"073","H.J. PATTERSON HALL","1218","176.64","030I MENS RESTRM","GENU-STATE APPROPRIATIONS"
"073","H.J. PATTERSON HALL","3111","103.89","030I MENS RESTRM","GENU-STATE APPROPRIATIONS"
"073","H.J. PATTERSON HALL","3226","121.92","030I MENS RESTRM","GENU-STATE APPROPRIATIONS"
"014","HARFORD HALL","B0108D","0","030I MENS RESTRM","GENU-BUDGET-AUXILIARY ENTERPRI"
"140","HEALTH CENTER","0137","123.27","030I MENS RESTRM","GENU-STATE APPROPRIATIONS"
"140","HEALTH CENTER","2143","136.18","030I MENS RESTRM","GENU-STATE APPROPRIATIONS"
"387","HERBERT RABIN TECHNOLOGY ADVAN","1197","104","030I MENS RESTRM","GENU-STATE APPROPRIATIONS"
"387","HERBERT RABIN TECHNOLOGY ADVAN","2197","101.31","030I MENS RESTRM","GENU-STATE APPROPRIATIONS"
"387","HERBERT RABIN TECHNOLOGY ADVAN","3197","101.31","030I MENS RESTRM","GENU-STATE APPROPRIATIONS"
"147","HORNBAKE LIBRARY","0104","30.42","030I MENS RESTRM","GENU-STATE APPROPRIATIONS"
"147","HORNBAKE LIBRARY","0104A","170.81","030I MENS RESTRM","GENU-STATE APPROPRIATIONS"
"147","HORNBAKE LIBRARY","0212","128.8","030I MENS RESTRM","GENU-STATE APPROPRIATIONS"
"147","HORNBAKE LIBRARY","0213","49","030I MENS RESTRM","GENU-STATE APPROPRIATIONS"
"147","HORNBAKE LIBRARY","0213A","265.78","030I MENS RESTRM","GENU-STATE APPROPRIATIONS"
"147","HORNBAKE LIBRARY","0219","291.9","030I MENS RESTRM","GENU-STATE APPROPRIATIONS"
"147","HORNBAKE LIBRARY","1106","30.67","030I MENS RESTRM","GENU-STATE APPROPRIATIONS"
"147","HORNBAKE LIBRARY","1106A","156.43","030I MENS RESTRM","GENU-STATE APPROPRIATIONS"
"147","HORNBAKE LIBRARY","1217","245.19","030I MENS RESTRM","GENU-STATE APPROPRIATIONS"
"147","HORNBAKE LIBRARY","2104","119.95","030I MENS RESTRM","GENU-STATE APPROPRIATIONS"
"147","HORNBAKE LIBRARY","2206","62.37","030I MENS RESTRM","GENU-STATE APPROPRIATIONS"
"147","HORNBAKE LIBRARY","2212","49","030I MENS RESTRM","GENU-STATE APPROPRIATIONS"
"147","HORNBAKE LIBRARY","2212A","263.56","030I MENS RESTRM","GENU-STATE APPROPRIATIONS"
"147","HORNBAKE LIBRARY","3104","203.4","030I MENS RESTRM","GENU-STATE APPROPRIATIONS"
"147","HORNBAKE LIBRARY","3206","127.68","030I MENS RESTRM","GENU-STATE APPROPRIATIONS"
"147","HORNBAKE LIBRARY","3212","313.92","030I MENS RESTRM","GENU-STATE APPROPRIATIONS"
"147","HORNBAKE LIBRARY","4106","163.24","030I MENS RESTRM","GENU-STATE APPROPRIATIONS"
"147","HORNBAKE LIBRARY","4206","127.68","030I MENS RESTRM","GENU-STATE APPROPRIATIONS"
"147","HORNBAKE LIBRARY","4212","313.92","030I MENS RESTRM","GENU-STATE APPROPRIATIONS"
"976","IBBR 1","1A-141","207.7","030I MENS RESTRM","GENU-STATE APPROPRIATIONS"
"976","IBBR 1","1B-103","188.4","030I MENS RESTRM","GENU-STATE APPROPRIATIONS"
"976","IBBR 1","2A-212","207.71","030I MENS RESTRM","GENU-STATE APPROPRIATIONS"
"976","IBBR 1","2B-203","188.4","030I MENS RESTRM","GENU-STATE APPROPRIATIONS"
"976","IBBR 1","3B-303","188.4","030I MENS RESTRM","GENU-STATE APPROPRIATIONS"
"977","IBBR 2","1209","213.19","030I MENS RESTRM","GENU-STATE APPROPRIATIONS"
"977","IBBR 2","2209","255.84","030I MENS RESTRM","GENU-STATE APPROPRIATIONS"
"977","IBBR 2","3209","240.9","030I MENS RESTRM","GENU-STATE APPROPRIATIONS"
"977","IBBR 2","4209","240.9","030I MENS RESTRM","GENU-STATE APPROPRIATIONS"
"085","INSTITUTE FOR PHYSICAL SCIENCE","0103","56.81","030I MENS RESTRM","GENU-STATE APPROPRIATIONS"
"085","INSTITUTE FOR PHYSICAL SCIENCE","2111","96.09","030I MENS RESTRM","GENU-STATE APPROPRIATIONS"
"083","J.M. PATTERSON BUILDING","1107","365.42","030I MENS RESTRM","GENU-STATE APPROPRIATIONS"
"083","J.M. PATTERSON BUILDING","1234","207.42","030I MENS RESTRM","GENU-STATE APPROPRIATIONS"
"083","J.M. PATTERSON BUILDING","2234","215.42","030I MENS RESTRM","GENU-STATE APPROPRIATIONS"
"083","J.M. PATTERSON BUILDING","3234","215.42","030I MENS RESTRM","GENU-STATE APPROPRIATIONS"
"034","JIMENEZ HALL","0210","111.73","030I MENS RESTRM","GENU-STATE APPROPRIATIONS"
"034","JIMENEZ HALL","1113","152.51","030I MENS RESTRM","GENU-STATE APPROPRIATIONS"
"034","JIMENEZ HALL","2208","111.73","030I MENS RESTRM","GENU-STATE APPROPRIATIONS"
"034","JIMENEZ HALL","3113","150.76","030I MENS RESTRM","GENU-STATE APPROPRIATIONS"
"034","JIMENEZ HALL","4208","111.73","030I MENS RESTRM","GENU-STATE APPROPRIATIONS"
"082","JOHN S. TOLL PHYSICS BUILDING","0215B","147.97","030I MENS RESTRM","GENU-STATE APPROPRIATIONS"
"082","JOHN S. TOLL PHYSICS BUILDING","1215","221.41","030I MENS RESTRM","GENU-STATE APPROPRIATIONS"
"082","JOHN S. TOLL PHYSICS BUILDING","1401","113.56","030I MENS RESTRM","GENU-STATE APPROPRIATIONS"
"082","JOHN S. TOLL PHYSICS BUILDING","2131","156.53","030I MENS RESTRM","GENU-STATE APPROPRIATIONS"
"082","JOHN S. TOLL PHYSICS BUILDING","2326","120.08","030I MENS RESTRM","GENU-STATE APPROPRIATIONS"
"082","JOHN S. TOLL PHYSICS BUILDING","3125","192.08","030I MENS RESTRM","GENU-STATE APPROPRIATIONS"
"082","JOHN S. TOLL PHYSICS BUILDING","3318","200.31","030I MENS RESTRM","GENU-STATE APPROPRIATIONS"
"082","JOHN S. TOLL PHYSICS BUILDING","4215","257.99","030I MENS RESTRM","GENU-STATE APPROPRIATIONS"
"227","JULL HALL","1117","127.46","030I MENS RESTRM","GENU-STATE APPROPRIATIONS"
"227","JULL HALL","2119","136","030I MENS RESTRM","GENU-STATE APPROPRIATIONS"
"388","KEHOE TRACK AT LUDWIG FIELD","1102","268.28","030I MENS RESTRM","GENU-BUDGET-AUXILIARY ENTERPRI"
"225","KIM ENGINEERING BUILDING","1103","318.83","030I MENS RESTRM","GENU-STATE APPROPRIATIONS"
"225","KIM ENGINEERING BUILDING","2103","319.06","030I MENS RESTRM","GENU-STATE APPROPRIATIONS"
"225","KIM ENGINEERING BUILDING","3103","319.08","030I MENS RESTRM","GENU-STATE APPROPRIATIONS"
"417","KNIGHT HALL","1106","191.74","030I MENS RESTRM","GENU-STATE APPROPRIATIONS"
"417","KNIGHT HALL","2102","161.43","030I MENS RESTRM","GENU-STATE APPROPRIATIONS"
"417","KNIGHT HALL","3102","161.48","030I MENS RESTRM","GENU-STATE APPROPRIATIONS"
"796","LABORATORY FOR PHYSICAL SCIENC","0328","42.5","030I MENS RESTRM","GENU-STATE APPROPRIATIONS"
"796","LABORATORY FOR PHYSICAL SCIENC","0328A","77.17","030I MENS RESTRM","GENU-STATE APPROPRIATIONS"
"796","LABORATORY FOR PHYSICAL SCIENC","1120","256.82","030I MENS RESTRM","GENU-STATE APPROPRIATIONS"
"796","LABORATORY FOR PHYSICAL SCIENC","1325","215.97","030I MENS RESTRM","GENU-STATE APPROPRIATIONS"
"071","LEE BUILDING","0104","112.89","030I MENS RESTRM","GENU-STATE APPROPRIATIONS"
"071","LEE BUILDING","1104","109.94","030I MENS RESTRM","GENU-STATE APPROPRIATIONS"
"071","LEE BUILDING","2130","109.5","030I MENS RESTRM","GENU-STATE APPROPRIATIONS"
"071","LEE BUILDING","3104","98.98","030I MENS RESTRM","GENU-STATE APPROPRIATIONS"
"038","LEFRAK HALL","0109","267.51","030I MENS RESTRM","GENU-STATE APPROPRIATIONS"
"038","LEFRAK HALL","0206","227.21","030I MENS RESTRM","GENU-STATE APPROPRIATIONS"
"038","LEFRAK HALL","1109","267.51","030I MENS RESTRM","GENU-STATE APPROPRIATIONS"
"038","LEFRAK HALL","1212","295.11","030I MENS RESTRM","GENU-STATE APPROPRIATIONS"
"038","LEFRAK HALL","2101","247.56","030I MENS RESTRM","GENU-STATE APPROPRIATIONS"
"038","LEFRAK HALL","2214","313.69","030I MENS RESTRM","GENU-STATE APPROPRIATIONS"
"250","LEONARDTOWN COMMUNITY CENTER","1113","173","030I MENS RESTRM","GENU-BUDGET-AUXILIARY ENTERPRI"
"201","LEONARDTOWN OFFICE BUILDING","1101","55","030I MENS RESTRM","GENU-BUDGET-AUXILIARY ENTERPRI"
"590","LOWER EASTERN SHORE OFFICE","1111","41.49","030I MENS RESTRM","GENU-STATE APPROPRIATIONS"
"148","MANUFACTURING BUILDING","0101J","58.07","030I MENS RESTRM","GENU-STATE APPROPRIATIONS"
"148","MANUFACTURING BUILDING","0101L","98.75","030I MENS RESTRM","GENU-STATE APPROPRIATIONS"
"046","MARIE MOUNT HALL","0107","126.04","030I MENS RESTRM","GENU-STATE APPROPRIATIONS"
"046","MARIE MOUNT HALL","1107","122.08","030I MENS RESTRM","GENU-STATE APPROPRIATIONS"
"046","MARIE MOUNT HALL","1425","191.53","030I MENS RESTRM","GENU-STATE APPROPRIATIONS"
"046","MARIE MOUNT HALL","2425","191.53","030I MENS RESTRM","GENU-STATE APPROPRIATIONS"
"046","MARIE MOUNT HALL","3107","125.2","030I MENS RESTRM","GENU-STATE APPROPRIATIONS"
"046","MARIE MOUNT HALL","3425","191.53","030I MENS RESTRM","GENU-STATE APPROPRIATIONS"
"088","MARTIN HALL","0113","260.32","030I MENS RESTRM","GENU-STATE APPROPRIATIONS"
"088","MARTIN HALL","0141","260.15","030I MENS RESTRM","GENU-STATE APPROPRIATIONS"
"088","MARTIN HALL","1113","152.08","030I MENS RESTRM","GENU-STATE APPROPRIATIONS"
"088","MARTIN HALL","1167","260.15","030I MENS RESTRM","GENU-STATE APPROPRIATIONS"
"088","MARTIN HALL","2115","260.32","030I MENS RESTRM","GENU-STATE APPROPRIATIONS"
"088","MARTIN HALL","2163","260.15","030I MENS RESTRM","GENU-STATE APPROPRIATIONS"
"088","MARTIN HALL","3117","260.32","030I MENS RESTRM","GENU-STATE APPROPRIATIONS"
"088","MARTIN HALL","3165","260.15","030I MENS RESTRM","GENU-STATE APPROPRIATIONS"
"409","MARYLAND SOFTBALL STADIUM","1107","259.44","030I MENS RESTRM","GENU-BUDGET-AUXILIARY ENTERPRI"
"368","MARYLAND STADIUM BUILDING (UPP","1506","644.21","030I MENS RESTRM","GENU-BUDGET-AUXILIARY ENTERPRI"
"368","MARYLAND STADIUM BUILDING (UPP","1514","541.64","030I MENS RESTRM","GENU-BUDGET-AUXILIARY ENTERPRI"
"368","MARYLAND STADIUM BUILDING (UPP","2504","626.2","030I MENS RESTRM","GENU-BUDGET-AUXILIARY ENTERPRI"
"368","MARYLAND STADIUM BUILDING (UPP","2520","598.5","030I MENS RESTRM","GENU-BUDGET-AUXILIARY ENTERPRI"
"368","MARYLAND STADIUM BUILDING (UPP","3504","673.37","030I MENS RESTRM","GENU-BUDGET-AUXILIARY ENTERPRI"
"368","MARYLAND STADIUM BUILDING (UPP","3510","696.89","030I MENS RESTRM","GENU-BUDGET-AUXILIARY ENTERPRI"
"368","MARYLAND STADIUM BUILDING (UPP","3522","768.89","030I MENS RESTRM","GENU-BUDGET-AUXILIARY ENTERPRI"
"362","MARYLAND STADIUM CONCESSIONS 1","1100","596.56","030I MENS RESTRM","GENU-BUDGET-AUXILIARY ENTERPRI"
"364","MARYLAND STADIUM CONCESSIONS 3","1100","851.01","030I MENS RESTRM","GENU-BUDGET-AUXILIARY ENTERPRI"
"365","MARYLAND STADIUM CONCESSIONS 4","1214","1069.01","030I MENS RESTRM","GENU-BUDGET-AUXILIARY ENTERPRI"
"365","MARYLAND STADIUM CONCESSIONS 4","1224","841.35","030I MENS RESTRM","GENU-BUDGET-AUXILIARY ENTERPRI"
"367","MARYLAND STADIUM CONCESSIONS 5","1410","1058.77","030I MENS RESTRM","GENU-BUDGET-AUXILIARY ENTERPRI"
"367","MARYLAND STADIUM CONCESSIONS 5","1414","840.92","030I MENS RESTRM","GENU-BUDGET-AUXILIARY ENTERPRI"
"367","MARYLAND STADIUM CONCESSIONS 5","1420","1059.18","030I MENS RESTRM","GENU-BUDGET-AUXILIARY ENTERPRI"
"370","MARYLAND STADIUM CONCESSIONS 6","1521","757.42","030I MENS RESTRM","GENU-BUDGET-AUXILIARY ENTERPRI"
"035","MCKELDIN LIBRARY","1127","145.29","030I MENS RESTRM","GENU-STATE APPROPRIATIONS"
"035","MCKELDIN LIBRARY","1203","125.42","030I MENS RESTRM","GENU-STATE APPROPRIATIONS"
"035","MCKELDIN LIBRARY","2121","190.92","030I MENS RESTRM","GENU-STATE APPROPRIATIONS"
"035","MCKELDIN LIBRARY","2203","146.8","030I MENS RESTRM","GENU-STATE APPROPRIATIONS"
"035","MCKELDIN LIBRARY","3107","181.89","030I MENS RESTRM","GENU-STATE APPROPRIATIONS"
"035","MCKELDIN LIBRARY","3203","141.94","030I MENS RESTRM","GENU-STATE APPROPRIATIONS"
"035","MCKELDIN LIBRARY","4106","186.65","030I MENS RESTRM","GENU-STATE APPROPRIATIONS"
"035","MCKELDIN LIBRARY","4203","141.94","030I MENS RESTRM","GENU-STATE APPROPRIATIONS"
"035","MCKELDIN LIBRARY","5111","181.89","030I MENS RESTRM","GENU-STATE APPROPRIATIONS"
"035","MCKELDIN LIBRARY","6110","216.58","030I MENS RESTRM","GENU-STATE APPROPRIATIONS"
"035","MCKELDIN LIBRARY","6203","141.94","030I MENS RESTRM","GENU-STATE APPROPRIATIONS"
"035","MCKELDIN LIBRARY","7114","181.89","030I MENS RESTRM","GENU-STATE APPROPRIATIONS"
"035","MCKELDIN LIBRARY","7203","141.94","030I MENS RESTRM","GENU-STATE APPROPRIATIONS"
"035","MCKELDIN LIBRARY","B0101","174.74","030I MENS RESTRM","GENU-STATE APPROPRIATIONS"
"035","MCKELDIN LIBRARY","B0205","184.44","030I MENS RESTRM","GENU-STATE APPROPRIATIONS"
"821","MFRI OFFICE/CLASSROOM BUILDING","1105","120.38","030I MENS RESTRM","GENU-STATE APPROPRIATIONS"
"832","MFRI OFFICE/CLASSROOM BUILDING","1105","120.38","030I MENS RESTRM","GENU-STATE APPROPRIATIONS"
"199","MFRI OFFICE/CLASSROOM BUILDING","1106","179.49","030I MENS RESTRM","GENU-STATE APPROPRIATIONS"
"199","MFRI OFFICE/CLASSROOM BUILDING","1111C","164.46","030I MENS RESTRM","GENU-STATE APPROPRIATIONS"
"199","MFRI OFFICE/CLASSROOM BUILDING","1210","197.49","030I MENS RESTRM","GENU-STATE APPROPRIATIONS"
"199","MFRI OFFICE/CLASSROOM BUILDING","2210","196.31","030I MENS RESTRM","GENU-STATE APPROPRIATIONS"
"231","MICROBIOLOGY BUILDING","0120","171.99","030I MENS RESTRM","GENU-STATE APPROPRIATIONS"
"231","MICROBIOLOGY BUILDING","1120","175.61","030I MENS RESTRM","GENU-STATE APPROPRIATIONS"
"231","MICROBIOLOGY BUILDING","2120","174","030I MENS RESTRM","GENU-STATE APPROPRIATIONS"
"231","MICROBIOLOGY BUILDING","3132","174.81","030I MENS RESTRM","GENU-STATE APPROPRIATIONS"
"040","MORRILL HALL","1108","115.1","030I MENS RESTRM","GENU-STATE APPROPRIATIONS"
"382","NEUTRAL BUOYANCY RESEARCH FACI","2100A","145.26","030I MENS RESTRM","GENU-STATE APPROPRIATIONS"
"232","NYUMBURU CULTURAL CENTER","0138","91.77","030I MENS RESTRM","GENU-BUDGET-AUXILIARY ENTERPRI"
"232","NYUMBURU CULTURAL CENTER","1104","94.38","030I MENS RESTRM","GENU-BUDGET-AUXILIARY ENTERPRI"
"419","OAKLAND HALL","0201","214.02","030I MENS RESTRM","GENU-BUDGET-AUXILIARY ENTERPRI"
"419","OAKLAND HALL","0321","218.66","030I MENS RESTRM","GENU-BUDGET-AUXILIARY ENTERPRI"
"146","PARREN J. MITCHELL ART-SOCIOLO","1301","179.5","030I MENS RESTRM","GENU-STATE APPROPRIATIONS"
"146","PARREN J. MITCHELL ART-SOCIOLO","2109","108.83","030I MENS RESTRM","GENU-STATE APPROPRIATIONS"
"146","PARREN J. MITCHELL ART-SOCIOLO","2301","179.5","030I MENS RESTRM","GENU-STATE APPROPRIATIONS"
"146","PARREN J. MITCHELL ART-SOCIOLO","3303","179.33","030I MENS RESTRM","GENU-STATE APPROPRIATIONS"
"146","PARREN J. MITCHELL ART-SOCIOLO","4115","116.1","030I MENS RESTRM","GENU-STATE APPROPRIATIONS"
"146","PARREN J. MITCHELL ART-SOCIOLO","4301","184","030I MENS RESTRM","GENU-STATE APPROPRIATIONS"
"805","PATAPSCO BUILDING","1105","27","030I MENS RESTRM","GENU-STATE APPROPRIATIONS"
"805","PATAPSCO BUILDING","1105A","232","030I MENS RESTRM","GENU-STATE APPROPRIATIONS"
"805","PATAPSCO BUILDING","2105","27","030I MENS RESTRM","GENU-STATE APPROPRIATIONS"
"805","PATAPSCO BUILDING","2105A","231.65","030I MENS RESTRM","GENU-STATE APPROPRIATIONS"
"010","PATUXENT BUILDING","0101","139.88","030I MENS RESTRM","GENU-STATE APPROPRIATIONS"
"010","PATUXENT BUILDING","1101","139.88","030I MENS RESTRM","GENU-STATE APPROPRIATIONS"
"010","PATUXENT BUILDING","2101","139.88","030I MENS RESTRM","GENU-STATE APPROPRIATIONS"
"415","PHYSICAL SCIENCES COMPLEX","0242","144.84","030I MENS RESTRM","GENU-STATE APPROPRIATIONS"
"415","PHYSICAL SCIENCES COMPLEX","1141","143.3","030I MENS RESTRM","GENU-STATE APPROPRIATIONS"
"415","PHYSICAL SCIENCES COMPLEX","2141","143.3","030I MENS RESTRM","GENU-STATE APPROPRIATIONS"
"415","PHYSICAL SCIENCES COMPLEX","3141","143.3","030I MENS RESTRM","GENU-STATE APPROPRIATIONS"
"415","PHYSICAL SCIENCES COMPLEX","B0226","163.99","030I MENS RESTRM","GENU-STATE APPROPRIATIONS"
"415","PHYSICAL SCIENCES COMPLEX","SB0226","166.08","030I MENS RESTRM","GENU-STATE APPROPRIATIONS"
"036","PLANT SCIENCES BUILDING","0106","111.46","030I MENS RESTRM","GENU-STATE APPROPRIATIONS"
"036","PLANT SCIENCES BUILDING","1107","143.53","030I MENS RESTRM","GENU-STATE APPROPRIATIONS"
"036","PLANT SCIENCES BUILDING","1148","205.43","030I MENS RESTRM","GENU-STATE APPROPRIATIONS"
"036","PLANT SCIENCES BUILDING","2105","146.13","030I MENS RESTRM","GENU-STATE APPROPRIATIONS"
"036","PLANT SCIENCES BUILDING","2155","197.82","030I MENS RESTRM","GENU-STATE APPROPRIATIONS"
"036","PLANT SCIENCES BUILDING","3111","142.83","030I MENS RESTRM","GENU-STATE APPROPRIATIONS"
"036","PLANT SCIENCES BUILDING","4111","142.83","030I MENS RESTRM","GENU-STATE APPROPRIATIONS"
"036","PLANT SCIENCES BUILDING","5105","142.83","030I MENS RESTRM","GENU-STATE APPROPRIATIONS"
"036","PLANT SCIENCES BUILDING","6105","142.83","030I MENS RESTRM","GENU-STATE APPROPRIATIONS"
"054","PREINKERT HALL","1111","95.31","030I MENS RESTRM","GENU-STATE APPROPRIATIONS"
"425","PRINCE FREDERICK HALL","0106","199.23","030I MENS RESTRM","GENU-BUDGET-AUXILIARY ENTERPRI"
"425","PRINCE FREDERICK HALL","1103","159.01","030I MENS RESTRM","GENU-BUDGET-AUXILIARY ENTERPRI"
"425","PRINCE FREDERICK HALL","2226","590.16","030I MENS RESTRM","GENU-BUDGET-AUXILIARY ENTERPRI"
"425","PRINCE FREDERICK HALL","3226","566.98","030I MENS RESTRM","GENU-BUDGET-AUXILIARY ENTERPRI"
"425","PRINCE FREDERICK HALL","4226","566.98","030I MENS RESTRM","GENU-BUDGET-AUXILIARY ENTERPRI"
"425","PRINCE FREDERICK HALL","5226","566.98","030I MENS RESTRM","GENU-BUDGET-AUXILIARY ENTERPRI"
"425","PRINCE FREDERICK HALL","7226","566.98","030I MENS RESTRM","GENU-BUDGET-AUXILIARY ENTERPRI"
"078","RECKORD ARMORY","0111","484.41","030I MENS RESTRM","GENU-STATE APPROPRIATIONS"
"078","RECKORD ARMORY","2117","110.03","030I MENS RESTRM","GENU-STATE APPROPRIATIONS"
"398","RESEARCH GREENHOUSE","1108","213.92","030I MENS RESTRM","GENU-STATE APPROPRIATIONS"
"407","RIGGS ALUMNI CENTER","1117","218.02","030I MENS RESTRM","GENU-STATE APPROPRIATIONS"
"407","RIGGS ALUMNI CENTER","1207","318.34","030I MENS RESTRM","GENU-STATE APPROPRIATIONS"
"407","RIGGS ALUMNI CENTER","2121","131.71","030I MENS RESTRM","GENU-STATE APPROPRIATIONS"
"407","RIGGS ALUMNI CENTER","3121","131.67","030I MENS RESTRM","GENU-STATE APPROPRIATIONS"
"407","RIGGS ALUMNI CENTER","4121","131.67","030I MENS RESTRM","GENU-STATE APPROPRIATIONS"
"607","SALISBURY SUPPORT","1101","270.64","030I MENS RESTRM","GENU-STATE APPROPRIATIONS"
"416","SATELLITE CENTRAL UTILITIES BU","0101C","98.43","030I MENS RESTRM","GENU-STATE APPROPRIATIONS"
"067","SATELLITE CENTRAL UTILITIES BU","1121","263.9","030I MENS RESTRM","GENU-STATE APPROPRIATIONS"
"255","SCHOOL OF PUBLIC HEALTH BUILDI","0115","188.22","030I MENS RESTRM","GENU-STATE APPROPRIATIONS"
"255","SCHOOL OF PUBLIC HEALTH BUILDI","0123","229.86","030I MENS RESTRM","GENU-STATE APPROPRIATIONS"
"255","SCHOOL OF PUBLIC HEALTH BUILDI","0123A","49.35","030I MENS RESTRM","GENU-STATE APPROPRIATIONS"
"255","SCHOOL OF PUBLIC HEALTH BUILDI","0130D","134.42","030I MENS RESTRM","GENU-STATE APPROPRIATIONS"
"255","SCHOOL OF PUBLIC HEALTH BUILDI","0313","151.8","030I MENS RESTRM","GENU-STATE APPROPRIATIONS"
"255","SCHOOL OF PUBLIC HEALTH BUILDI","1120B","72.95","030I MENS RESTRM","GENU-STATE APPROPRIATIONS"
"255","SCHOOL OF PUBLIC HEALTH BUILDI","1238","157.04","030I MENS RESTRM","GENU-STATE APPROPRIATIONS"
"255","SCHOOL OF PUBLIC HEALTH BUILDI","1311","149.34","030I MENS RESTRM","GENU-STATE APPROPRIATIONS"
"255","SCHOOL OF PUBLIC HEALTH BUILDI","2237","162.92","030I MENS RESTRM","GENU-STATE APPROPRIATIONS"
"255","SCHOOL OF PUBLIC HEALTH BUILDI","2331","176.38","030I MENS RESTRM","GENU-STATE APPROPRIATIONS"
"255","SCHOOL OF PUBLIC HEALTH BUILDI","3308","120.9","030I MENS RESTRM","GENU-STATE APPROPRIATIONS"
"812","SENECA BUILDING","0109","150.54","030I MENS RESTRM","GENU-STATE APPROPRIATIONS"
"812","SENECA BUILDING","1109","150.54","030I MENS RESTRM","GENU-STATE APPROPRIATIONS"
"812","SENECA BUILDING","2109","150.54","030I MENS RESTRM","GENU-STATE APPROPRIATIONS"
"003","SERVICE BUILDING","0503","109.74","030I MENS RESTRM","GENU-STATE APPROPRIATIONS"
"003","SERVICE BUILDING","0600U","215.5","030I MENS RESTRM","GENU-STATE APPROPRIATIONS"
"003","SERVICE BUILDING","1305","136.17","030I MENS RESTRM","GENU-STATE APPROPRIATIONS"
"003","SERVICE BUILDING","1600D","102.08","030I MENS RESTRM","GENU-STATE APPROPRIATIONS"
"003","SERVICE BUILDING","2303","88.79","030I MENS RESTRM","GENU-STATE APPROPRIATIONS"
"810","SEVERN BUILDING","0109","248.44","030I MENS RESTRM","GENU-STATE APPROPRIATIONS"
"810","SEVERN BUILDING","0609","203.61","030I MENS RESTRM","GENU-STATE APPROPRIATIONS"
"810","SEVERN BUILDING","0722","121.36","030I MENS RESTRM","GENU-STATE APPROPRIATIONS"
"810","SEVERN BUILDING","1109","174.58","030I MENS RESTRM","GENU-STATE APPROPRIATIONS"
"810","SEVERN BUILDING","1306","347.74","030I MENS RESTRM","GENU-STATE APPROPRIATIONS"
"810","SEVERN BUILDING","1306A","84.78","030I MENS RESTRM","GENU-STATE APPROPRIATIONS"
"810","SEVERN BUILDING","1610","273.22","030I MENS RESTRM","GENU-STATE APPROPRIATIONS"
"037","SHOEMAKER BUILDING","1204","229.75","030I MENS RESTRM","GENU-STATE APPROPRIATIONS"
"424","SHUTTLE BUS FACILITY","1112","205.63","030I MENS RESTRM","GENU-BUDGET-AUXILIARY ENTERPRI"
"044","SKINNER BUILDING","0111","68.86","030I MENS RESTRM","GENU-STATE APPROPRIATIONS"
"044","SKINNER BUILDING","0111B","190.18","030I MENS RESTRM","GENU-STATE APPROPRIATIONS"
"044","SKINNER BUILDING","3109","144.87","030I MENS RESTRM","GENU-STATE APPROPRIATIONS"
"026","SOUTH CAMPUS DINING HALL","0107","125.87","030I MENS RESTRM","GENU-BUDGET-AUXILIARY ENTERPRI"
"026","SOUTH CAMPUS DINING HALL","1101","230.07","030I MENS RESTRM","GENU-BUDGET-AUXILIARY ENTERPRI"
"026","SOUTH CAMPUS DINING HALL","1145","120.63","030I MENS RESTRM","GENU-BUDGET-AUXILIARY ENTERPRI"
"026","SOUTH CAMPUS DINING HALL","2103","184.86","030I MENS RESTRM","GENU-BUDGET-AUXILIARY ENTERPRI"
"026","SOUTH CAMPUS DINING HALL","2147","171.68","030I MENS RESTRM","GENU-BUDGET-AUXILIARY ENTERPRI"
"026","SOUTH CAMPUS DINING HALL","3117","276.09","030I MENS RESTRM","GENU-BUDGET-AUXILIARY ENTERPRI"
"163","STAMP STUDENT UNION","0101","349.44","030I MENS RESTRM","GENU-BUDGET-AUXILIARY ENTERPRI"
"163","STAMP STUDENT UNION","0234","339.71","030I MENS RESTRM","GENU-BUDGET-AUXILIARY ENTERPRI"
"163","STAMP STUDENT UNION","1106A","278.35","030I MENS RESTRM","GENU-BUDGET-AUXILIARY ENTERPRI"
"163","STAMP STUDENT UNION","1233","324.06","030I MENS RESTRM","GENU-BUDGET-AUXILIARY ENTERPRI"
"163","STAMP STUDENT UNION","2104","366.71","030I MENS RESTRM","GENU-BUDGET-AUXILIARY ENTERPRI"
"163","STAMP STUDENT UNION","2205","227.82","030I MENS RESTRM","GENU-BUDGET-AUXILIARY ENTERPRI"
"163","STAMP STUDENT UNION","B0106V","232.58","030I MENS RESTRM","GENU-BUDGET-AUXILIARY ENTERPRI"
"163","STAMP STUDENT UNION","B0220","188.81","030I MENS RESTRM","GENU-BUDGET-AUXILIARY ENTERPRI"
"233","SUSQUEHANNA HALL","1102","38.04","030I MENS RESTRM","GENU-STATE APPROPRIATIONS"
"233","SUSQUEHANNA HALL","1102A","170.87","030I MENS RESTRM","GENU-STATE APPROPRIATIONS"
"233","SUSQUEHANNA HALL","2102","37.58","030I MENS RESTRM","GENU-STATE APPROPRIATIONS"
"233","SUSQUEHANNA HALL","2102A","208.69","030I MENS RESTRM","GENU-STATE APPROPRIATIONS"
"233","SUSQUEHANNA HALL","3104","181.27","030I MENS RESTRM","GENU-STATE APPROPRIATIONS"
"233","SUSQUEHANNA HALL","4102","187.38","030I MENS RESTRM","GENU-STATE APPROPRIATIONS"
"076","SYMONS HALL","0125","43.56","030I MENS RESTRM","GENU-STATE APPROPRIATIONS"
"076","SYMONS HALL","0125B","181.46","030I MENS RESTRM","GENU-STATE APPROPRIATIONS"
"076","SYMONS HALL","0203","122.16","030I MENS RESTRM","GENU-STATE APPROPRIATIONS"
"076","SYMONS HALL","1101","33.75","030I MENS RESTRM","GENU-STATE APPROPRIATIONS"
"076","SYMONS HALL","1101A","178.75","030I MENS RESTRM","GENU-STATE APPROPRIATIONS"
"076","SYMONS HALL","2125","44.92","030I MENS RESTRM","GENU-STATE APPROPRIATIONS"
"076","SYMONS HALL","2125B","174.11","030I MENS RESTRM","GENU-STATE APPROPRIATIONS"
"043","TALIAFERRO HALL","0104","271.69","030I MENS RESTRM","GENU-STATE APPROPRIATIONS"
"043","TALIAFERRO HALL","0129","121.33","030I MENS RESTRM","GENU-STATE APPROPRIATIONS"
"043","TALIAFERRO HALL","1127","100.27","030I MENS RESTRM","GENU-STATE APPROPRIATIONS"
"043","TALIAFERRO HALL","2153","125.09","030I MENS RESTRM","GENU-STATE APPROPRIATIONS"
"141","TAWES HALL","0215","205.55","030I MENS RESTRM","GENU-STATE APPROPRIATIONS"
"141","TAWES HALL","1216","200.71","030I MENS RESTRM","GENU-STATE APPROPRIATIONS"
"141","TAWES HALL","1302","300.47","030I MENS RESTRM","GENU-STATE APPROPRIATIONS"
"141","TAWES HALL","2216","200.43","030I MENS RESTRM","GENU-STATE APPROPRIATIONS"
"141","TAWES HALL","3216","179.64","030I MENS RESTRM","GENU-STATE APPROPRIATIONS"
"141","TAWES HALL","B0302","155.47","030I MENS RESTRM","GENU-STATE APPROPRIATIONS"
"806","TECHNOLOGY VENTURES BUILDING","1114","154.58","030I MENS RESTRM","GENU-STATE APPROPRIATIONS"
"806","TECHNOLOGY VENTURES BUILDING","2114","154.58","030I MENS RESTRM","GENU-STATE APPROPRIATIONS"
"806","TECHNOLOGY VENTURES BUILDING","3114","154.58","030I MENS RESTRM","GENU-STATE APPROPRIATIONS"
"806","TECHNOLOGY VENTURES BUILDING","4114","154.58","030I MENS RESTRM","GENU-STATE APPROPRIATIONS"
"077","THOMAS V. MILLER JR. ADMINISTR","0113","154.72","030I MENS RESTRM","GENU-STATE APPROPRIATIONS"
"077","THOMAS V. MILLER JR. ADMINISTR","1113","127.55","030I MENS RESTRM","GENU-STATE APPROPRIATIONS"
"395","TURFGRASS RESEARCH FACILITY (P","1110","172.29","030I MENS RESTRM","GENU-STATE APPROPRIATIONS"
"079","TURNER HALL","1103","191.19","030I MENS RESTRM","GENU-STATE APPROPRIATIONS"
"042","TYDINGS HALL","0105","163.69","030I MENS RESTRM","GENU-STATE APPROPRIATIONS"
"042","TYDINGS HALL","1124","166.35","030I MENS RESTRM","GENU-STATE APPROPRIATIONS"
"042","TYDINGS HALL","2125","162.9","030I MENS RESTRM","GENU-STATE APPROPRIATIONS"
"042","TYDINGS HALL","3124","166.52","030I MENS RESTRM","GENU-STATE APPROPRIATIONS"
"042","TYDINGS HALL","4125","162.58","030I MENS RESTRM","GENU-STATE APPROPRIATIONS"
"361","TYSER TOWER","1126","234.21","030I MENS RESTRM","GENU-BUDGET-AUXILIARY ENTERPRI"
"361","TYSER TOWER","2111","166.89","030I MENS RESTRM","GENU-BUDGET-AUXILIARY ENTERPRI"
"361","TYSER TOWER","2130E","191.34","030I MENS RESTRM","GENU-BUDGET-AUXILIARY ENTERPRI"
"361","TYSER TOWER","2147","180.79","030I MENS RESTRM","GENU-BUDGET-AUXILIARY ENTERPRI"
"361","TYSER TOWER","3111","166.89","030I MENS RESTRM","GENU-BUDGET-AUXILIARY ENTERPRI"
"361","TYSER TOWER","3123","183.57","030I MENS RESTRM","GENU-BUDGET-AUXILIARY ENTERPRI"
"361","TYSER TOWER","3131","183.95","030I MENS RESTRM","GENU-BUDGET-AUXILIARY ENTERPRI"
"361","TYSER TOWER","3147","180.79","030I MENS RESTRM","GENU-BUDGET-AUXILIARY ENTERPRI"
"361","TYSER TOWER","4111","166.89","030I MENS RESTRM","GENU-BUDGET-AUXILIARY ENTERPRI"
"361","TYSER TOWER","4123","184.66","030I MENS RESTRM","GENU-BUDGET-AUXILIARY ENTERPRI"
"361","TYSER TOWER","4131","183.7","030I MENS RESTRM","GENU-BUDGET-AUXILIARY ENTERPRI"
"361","TYSER TOWER","4147","180.79","030I MENS RESTRM","GENU-BUDGET-AUXILIARY ENTERPRI"
"361","TYSER TOWER","5111","166.89","030I MENS RESTRM","GENU-BUDGET-AUXILIARY ENTERPRI"
"361","TYSER TOWER","5123","319.27","030I MENS RESTRM","GENU-BUDGET-AUXILIARY ENTERPRI"
"164","UNIVERSITY HOUSE","1124","54.94","030I MENS RESTRM","GENU-STATE APPROPRIATIONS"
"164","UNIVERSITY HOUSE","1124A","202.56","030I MENS RESTRM","GENU-STATE APPROPRIATIONS"
"764","UPPER MARLBORO OFFICE LAB","1114","41.75","030I MENS RESTRM","GENU-STATE APPROPRIATIONS"
"039","VAN MUNCHING HALL","1131","31.77","030I MENS RESTRM","GENU-STATE APPROPRIATIONS"
"039","VAN MUNCHING HALL","1131A","107.52","030I MENS RESTRM","GENU-STATE APPROPRIATIONS"
"039","VAN MUNCHING HALL","1304","157.87","030I MENS RESTRM","GENU-STATE APPROPRIATIONS"
"039","VAN MUNCHING HALL","1329","165.06","030I MENS RESTRM","GENU-STATE APPROPRIATIONS"
"039","VAN MUNCHING HALL","1502","264.74","030I MENS RESTRM","GENU-STATE APPROPRIATIONS"
"039","VAN MUNCHING HALL","1526","56.18","030I MENS RESTRM","GENU-STATE APPROPRIATIONS"
"039","VAN MUNCHING HALL","1526A","171.8","030I MENS RESTRM","GENU-STATE APPROPRIATIONS"
"039","VAN MUNCHING HALL","2121","31.77","030I MENS RESTRM","GENU-STATE APPROPRIATIONS"
"039","VAN MUNCHING HALL","2121A","107.52","030I MENS RESTRM","GENU-STATE APPROPRIATIONS"
"039","VAN MUNCHING HALL","2201","229.22","030I MENS RESTRM","GENU-STATE APPROPRIATIONS"
"039","VAN MUNCHING HALL","2304","193.59","030I MENS RESTRM","GENU-STATE APPROPRIATIONS"
"039","VAN MUNCHING HALL","2329","165.01","030I MENS RESTRM","GENU-STATE APPROPRIATIONS"
"039","VAN MUNCHING HALL","2502","251.81","030I MENS RESTRM","GENU-STATE APPROPRIATIONS"
"039","VAN MUNCHING HALL","3145","31.77","030I MENS RESTRM","GENU-STATE APPROPRIATIONS"
"039","VAN MUNCHING HALL","3145A","107.52","030I MENS RESTRM","GENU-STATE APPROPRIATIONS"
"039","VAN MUNCHING HALL","3327","165.01","030I MENS RESTRM","GENU-STATE APPROPRIATIONS"
"039","VAN MUNCHING HALL","3367","135.32","030I MENS RESTRM","GENU-STATE APPROPRIATIONS"
"039","VAN MUNCHING HALL","3502","252.11","030I MENS RESTRM","GENU-STATE APPROPRIATIONS"
"039","VAN MUNCHING HALL","4143","31.77","030I MENS RESTRM","GENU-STATE APPROPRIATIONS"
"039","VAN MUNCHING HALL","4143A","107.52","030I MENS RESTRM","GENU-STATE APPROPRIATIONS"
"039","VAN MUNCHING HALL","4330","164.99","030I MENS RESTRM","GENU-STATE APPROPRIATIONS"
"039","VAN MUNCHING HALL","4367","135.32","030I MENS RESTRM","GENU-STATE APPROPRIATIONS"
"039","VAN MUNCHING HALL","4502","251.49","030I MENS RESTRM","GENU-STATE APPROPRIATIONS"
"724","WESTERN MD OFFICE","1109","142.34","030I MENS RESTRM","GENU-STATE APPROPRIATIONS"
"724","WESTERN MD OFFICE","2111","208.81","030I MENS RESTRM","GENU-STATE APPROPRIATIONS"
"723","WESTERN MD SUPPORT","1210","108.27","030I MENS RESTRM","GENU-STATE APPROPRIATIONS"
"723","WESTERN MD SUPPORT","1210A","89.88","030I MENS RESTRM","GENU-STATE APPROPRIATIONS"
"084","WILLIAM E. KIRWAN HALL","0204","157.79","030I MENS RESTRM","GENU-STATE APPROPRIATIONS"
"084","WILLIAM E. KIRWAN HALL","1204","151.96","030I MENS RESTRM","GENU-STATE APPROPRIATIONS"
"084","WILLIAM E. KIRWAN HALL","1403D","199.92","030I MENS RESTRM","GENU-STATE APPROPRIATIONS"
"084","WILLIAM E. KIRWAN HALL","2206","151.96","030I MENS RESTRM","GENU-STATE APPROPRIATIONS"
"084","WILLIAM E. KIRWAN HALL","2403C","199.92","030I MENS RESTRM","GENU-STATE APPROPRIATIONS"
"084","WILLIAM E. KIRWAN HALL","3204","223.29","030I MENS RESTRM","GENU-STATE APPROPRIATIONS"
"084","WILLIAM E. KIRWAN HALL","3403B","199.92","030I MENS RESTRM","GENU-STATE APPROPRIATIONS"
"084","WILLIAM E. KIRWAN HALL","4122","155.47","030I MENS RESTRM","GENU-STATE APPROPRIATIONS"
"084","WILLIAM E. KIRWAN HALL","4422","127.4","030I MENS RESTRM","GENU-STATE APPROPRIATIONS"
"084","WILLIAM E. KIRWAN HALL","B0434","133.54","030I MENS RESTRM","GENU-STATE APPROPRIATIONS"
"081","WIND TUNNEL BUILDING","1105","174.62","030I MENS RESTRM","GENU-BUDGET-AUXILIARY ENTERPRI"
"081","WIND TUNNEL BUILDING","2105B","51.56","030I MENS RESTRM","GENU-BUDGET-AUXILIARY ENTERPRI"
"047","WOODS HALL","0114","223.03","030I MENS RESTRM","GENU-STATE APPROPRIATIONS"
"047","WOODS HALL","1135","139.4","030I MENS RESTRM","GENU-STATE APPROPRIATIONS"
"051","WORCESTER HALL","0111C","49","030I MENS RESTRM","GENU-BUDGET-AUXILIARY ENTERPRI"
"428","WYE OAK BUILDING","1106","172.95","030I MENS RESTRM","GENU-STATE APPROPRIATIONS"
"428","WYE OAK BUILDING","1106A","36.47","030I MENS RESTRM","GENU-STATE APPROPRIATIONS"
"428","WYE OAK BUILDING","2112","121.57","030I MENS RESTRM","GENU-STATE APPROPRIATIONS"
"734","WYE OFFICE ANNEX","1107B","55.62","030I MENS RESTRM","GENU-STATE APPROPRIATIONS"
"360","XFINITY CENTER","0413","328.89","030I MENS RESTRM","GENU-BUDGET-AUXILIARY ENTERPRI"
"360","XFINITY CENTER","0606","213.08","030I MENS RESTRM","GENU-BUDGET-AUXILIARY ENTERPRI"
"360","XFINITY CENTER","2108","278.48","030I MENS RESTRM","GENU-BUDGET-AUXILIARY ENTERPRI"
"360","XFINITY CENTER","2119","422.7","030I MENS RESTRM","GENU-BUDGET-AUXILIARY ENTERPRI"
"360","XFINITY CENTER","2203","422.32","030I MENS RESTRM","GENU-BUDGET-AUXILIARY ENTERPRI"
"360","XFINITY CENTER","2313","422.32","030I MENS RESTRM","GENU-BUDGET-AUXILIARY ENTERPRI"
"360","XFINITY CENTER","2403","422.64","030I MENS RESTRM","GENU-BUDGET-AUXILIARY ENTERPRI"
"360","XFINITY CENTER","2414","278.86","030I MENS RESTRM","GENU-BUDGET-AUXILIARY ENTERPRI"
"360","XFINITY CENTER","2705","140.3","030I MENS RESTRM","GENU-BUDGET-AUXILIARY ENTERPRI"
"360","XFINITY CENTER","3106","192.12","030I MENS RESTRM","GENU-BUDGET-AUXILIARY ENTERPRI"
"360","XFINITY CENTER","3108","273.36","030I MENS RESTRM","GENU-BUDGET-AUXILIARY ENTERPRI"
"360","XFINITY CENTER","3202","226.6","030I MENS RESTRM","GENU-BUDGET-AUXILIARY ENTERPRI"
"360","XFINITY CENTER","3208","274.02","030I MENS RESTRM","GENU-BUDGET-AUXILIARY ENTERPRI"
"360","XFINITY CENTER","3210","192.17","030I MENS RESTRM","GENU-BUDGET-AUXILIARY ENTERPRI"
"360","XFINITY CENTER","3306","192.23","030I MENS RESTRM","GENU-BUDGET-AUXILIARY ENTERPRI"
"360","XFINITY CENTER","3308","273.84","030I MENS RESTRM","GENU-BUDGET-AUXILIARY ENTERPRI"
"360","XFINITY CENTER","3314","226.6","030I MENS RESTRM","GENU-BUDGET-AUXILIARY ENTERPRI"
"360","XFINITY CENTER","3406","274.05","030I MENS RESTRM","GENU-BUDGET-AUXILIARY ENTERPRI"
"360","XFINITY CENTER","3408","192.1","030I MENS RESTRM","GENU-BUDGET-AUXILIARY ENTERPRI"